<?xml version="1.0"?>
<!--
/**
 * Royalcyber
 *
 * NOTICE OF LICENSE
 *
 * This source file is subject to the Royalcyber.com license that is
 * available through the world-wide-web at this URL:
 * https://www.royalcyber.com/LICENSE.txt
 *
 * DISCLAIMER
 *
 * Do not edit or add to this file if you wish to upgrade this extension to newer
 * version in the future.
 *
 * @category    Royalcyber
 * @package     Royalcyber_ZohoCRM
 * @copyright   Copyright (c) Royalcyber (https://www.royalcyber.com/)
 * @license     https://www.royalcyber.com/LICENSE.txt
 */
-->
<config xmlns:xsi="http://www.w3.org/2001/XMLSchema-instance" xsi:noNamespaceSchemaLocation="urn:magento:framework:Acl/etc/acl.xsd">
    <acl>
        <resources>
            <resource id="Magento_Backend::admin">
                <resource id="Magento_Backend::stores">
                    <resource id="Royalcyber_ZohoCRM::zoho_crm" title="Royalcyber ZohoCRM" translate="title" sortOrder="54">
                        <resource id="Royalcyber_ZohoCRM::sync_rules" title="Manage Sync Rules" translate="title" sortOrder="10"/>
                        <resource id="Royalcyber_ZohoCRM::queues" title="Manage Queues" translate="title" sortOrder="20"/>
                    </resource>
                    <resource id="Magento_Backend::stores_settings">
                        <resource id="Magento_Config::config">
                            <resource id="Royalcyber_ZohoCRM::configuration" title="Royalcyber ZohoCRM" translate="title" sortOrder="30"/>
                        </resource>
                    </resource>
                </resource>
            </resource>
        </resources>
    </acl>
</config>
