<?xml version="1.0"?>
<!--
/**
 * Royalcyber
 *
 * NOTICE OF LICENSE
 *
 * This source file is subject to the Royalcyber.com license that is
 * available through the world-wide-web at this URL:
 * https://www.royalcyber.com/LICENSE.txt
 *
 * DISCLAIMER
 *
 * Do not edit or add to this file if you wish to upgrade this extension to newer
 * version in the future.
 *
 * @category    Royalcyber
 * @package     Royalcyber_ZohoCRM
 * @copyright   Copyright (c) Royalcyber (https://www.royalcyber.com/)
 * @license     https://www.royalcyber.com/LICENSE.txt
 */
-->
<config xmlns:xsi="http://www.w3.org/2001/XMLSchema-instance" xsi:noNamespaceSchemaLocation="urn:magento:module:Magento_Cron:etc/crontab.xsd">
    <group id="default">
        <job name="mp_zoho_delete" instance="Royalcyber\ZohoCRM\Cron\DeleteQueue" method="execute">
            <schedule>* * * * *</schedule>
        </job>
        <job name="mp_zoho_sync" instance="Royalcyber\ZohoCRM\Cron\SyncQueue" method="execute">
            <schedule>* * * * *</schedule>
        </job>
        <job name="mp_zoho_sync_daily" instance="Royalcyber\ZohoCRM\Cron\SyncQueueDaily" method="execute">
            <schedule>* 1 * * *</schedule>
        </job>
        <job name="mp_zoho_sync_weekly" instance="Royalcyber\ZohoCRM\Cron\SyncQueueWeekly" method="execute">
            <schedule>0 0 * * 0</schedule>
        </job>
        <job name="mp_zoho_sync_monthly" instance="Royalcyber\ZohoCRM\Cron\SyncQueueMonthly" method="execute">
            <schedule>0 0 1 * *</schedule>
        </job>
    </group>
</config>
